transaction_id,client_id,date,montant,libelle_brut,merchant,payment_channel,transaction_type,recurring,income_flag,normalized_description,confidence,status,matched_by,mcc_description
TXN000276,CLI001,2025-07-25,-53.5,LYFT SOUTH OH,Lyft,Card Online,Purchase,False,False,Lyft Rideshare,68,review,exact,
TXN000286,CLI001,2025-07-27,-140.76,MORTGAGE PAYMENT CHASE JAN,Bank,Transfer,Direct Debit,True,False,Bank Mortgage,92,validated,exact,
TXN000350,CLI001,2025-07-27,-5.18,TRANSFER TO SAVINGS 0BA1D148,Savings,Transfer,Transfer,True,False,Savings Transfer,95,validated,exact,
TXN000365,CLI001,2025-07-28,-145.57,VERIZON LAKE OH,Verizon,Transfer,Direct Debit,True,False,Verizon Phone,74,review,exact,
TXN000432,CLI001,2025-07-29,-17.01,JOHNSON MNTHLY NOV,Unknown,Transfer,Fee,False,False,Unknown,0,unknown,,
TXN000435,CLI001,2025-08-02,3731.03,SOLUTIONS LLC SAL JAN,Unknown,Unknown,Credit,False,False,Unknown,0,unknown,,
TXN000250,CLI001,2025-08-02,-387.73,AMZN*LKC86Y 21836 USA,Amazon,Card Online,Purchase,False,False,Amazon E-commerce,68,review,exact,
TXN000152,CLI001,2025-08-03,-75.64,SQ *COFFEE GARCIAMOUTH,Starbucks,Card POS,Purchase,False,False,Starbucks Coffee,23,unknown,tfidf,
TXN000372,CLI001,2025-08-03,-130.98,SHELL OIL PORT KS,Shell,Card POS,Purchase,False,False,Shell Gas,70,review,exact,
TXN000302,CLI001,2025-08-03,-9.65,AT&T PAYMENT 89670,AT&T,Transfer,Direct Debit,True,False,AT&T Phone,68,review,exact,
TXN000085,CLI001,2025-08-04,-125.74,DELTA AIR O8E7FL,Delta Airlines,Card Online,Purchase,False,False,Delta Airlines Flight,78,review,exact,
TXN000463,CLI001,2025-08-04,-148.1,YOUTUBE PREMIUM 24003,YouTube Premium,Card Online,Subscription,True,False,YouTube Premium Streaming,90,validated,exact,
TXN000439,CLI001,2025-08-06,-49.63,AMAZON MARKETPLACE 53666,Amazon,Card Online,Purchase,False,False,Amazon E-commerce,72,review,exact,
TXN000013,CLI001,2025-08-06,-347.43,DELTA AIR GH2M5Z,Delta Airlines,Card Online,Purchase,False,False,Delta Airlines Flight,78,review,exact,
TXN000491,CLI001,2025-08-07,-70.5,MORTGAGE PAYMENT CITIBANK MAR,Bank,Transfer,Direct Debit,True,False,Bank Mortgage,92,validated,exact,
TXN000145,CLI001,2025-08-07,-136.32,CAR LOAN PAYMENT WELLS FARGO SEP,Bank,Transfer,Direct Debit,True,False,Bank Car Loan,99,validated,exact,
TXN000368,CLI001,2025-08-08,-135.53,MORTGAGE PAYMENT CITIBANK NOV,Bank,Transfer,Direct Debit,True,False,Bank Mortgage,99,validated,exact,
TXN000027,CLI001,2025-08-09,-110.01,VERIZON GEORGEBERG AS,Verizon,Transfer,Direct Debit,True,False,Verizon Phone,74,review,exact,
TXN000375,CLI001,2025-08-09,-72.48,TRANSFER TO SAVINGS 51A5C150,Savings,Transfer,Transfer,True,False,Savings Transfer,95,validated,exact,
TXN000319,CLI001,2025-08-13,-231.18,BEST BUY MEGANLAND FL,Best Buy,Card POS,Purchase,False,False,Best Buy Electronics,76,review,exact,
TXN000230,CLI001,2025-08-13,-53.04,TRANSFER TO SAVINGS 10ECFE2F,Savings,Transfer,Transfer,True,False,Savings Transfer,95,validated,exact,
TXN000379,CLI001,2025-08-14,-247.6,EBAY INC CLW3JG USA,eBay,Card Online,Purchase,False,False,eBay E-commerce,68,review,exact,
TXN000103,CLI001,2025-08-14,-41.97,WALGREENS CHARLESBOROUGH KY,Walgreens,Card POS,Purchase,False,False,Walgreens Pharmacy,78,review,exact,
TXN000245,CLI001,2025-08-15,-233.15,EBAY INC M0A6MD USA,eBay,Card Online,Purchase,True,False,eBay E-commerce,78,review,exact,
TXN000057,CLI001,2025-08-16,-307.47,ETSY INC V4YKAD 27555,Etsy,Card Online,Purchase,False,False,Etsy E-commerce,68,review,exact,
TXN000105,CLI001,2025-08-17,-8.16,MORTGAGE PAYMENT CITIBANK MAR,Bank,Transfer,Direct Debit,True,False,Bank Mortgage,92,validated,exact,
TXN000114,CLI001,2025-08-17,-31.81,PLAYSTATION 88671 USA,PlayStation,Card Online,Subscription,True,False,PlayStation Gaming,82,review,exact,
TXN000254,CLI001,2025-08-18,-31.37,BROWN MNTHLY NOV,Uber,Card Online,Purchase,False,False,Uber Rideshare,68,review,fuzzy,
TXN000459,CLI001,2025-08-18,-78.56,SP MUSIC 11258,Spotify,Card Online,Subscription,True,False,Spotify Music,24,unknown,tfidf,
TXN000036,CLI001,2025-08-18,-383.26,BEST BUY SOUTH UT,Best Buy,Card POS,Purchase,False,False,Best Buy Electronics,76,review,exact,
TXN000184,CLI001,2025-08-19,-170.12,UBER NEW CT,Uber,Card Online,Purchase,False,False,Uber Rideshare,75,review,fuzzy,
TXN000392,CLI001,2025-08-19,-48.49,SMITH MNTHLY DEC,Unknown,Transfer,Fee,False,False,Unknown,0,unknown,,
TXN000217,CLI001,2025-08-20,-93.63,NF-LX DIGITAL 85936,Unknown,Unknown,Unknown,False,False,Unknown,0,unknown,,
TXN000193,CLI001,2025-08-20,-127.28,SMITH MNTHLY OCT,Unknown,Unknown,Unknown,False,False,Unknown,0,unknown,,
TXN000466,CLI001,2025-08-22,-496.51,CVS PHARMACY NORTH DC,CVS Pharmacy,Card POS,Purchase,False,False,CVS Pharmacy Pharmacy,84,review,exact,
TXN000408,CLI001,2025-08-23,-52.35,TRANSFER TO SAVINGS 8355D6AE,Savings,Transfer,Transfer,True,False,Savings Transfer,99,validated,exact,
TXN000175,CLI001,2025-08-24,-95.48,MORTGAGE PAYMENT CHASE SEP,Bank,Transfer,Direct Debit,True,False,Bank Mortgage,92,validated,exact,
TXN000106,CLI001,2025-08-25,-311.49,APPLE STORE BURTONSIDE WA,Apple Store,Card POS,Purchase,False,False,Apple Store Electronics,82,review,exact,
TXN000457,CLI001,2025-08-25,-69.76,HLU *STREAM 93707,Hulu,Card Online,Subscription,True,False,Hulu Streaming,72,review,fuzzy,
TXN000333,CLI001,2025-08-25,-29.76,SP MUSIC 39127,Spotify,Card Online,Subscription,True,False,Spotify Music,24,unknown,tfidf,
TXN000194,CLI001,2025-08-25,-262.25,SQ *COFFEE LAKE,Starbucks,Card POS,Purchase,False,False,Starbucks Coffee,23,unknown,tfidf,
TXN000465,CLI001,2025-08-26,-416.68,EXPEDIA ZL46Q5 USA,Expedia,Card Online,Purchase,False,False,Expedia Flight,74,review,exact,
TXN000047,CLI001,2025-08-26,-31.43,TRANSFER TO SAVINGS B508D2C7,Savings,Transfer,Transfer,True,False,Savings Transfer,95,validated,exact,
TXN000453,CLI001,2025-08-27,-359.73,AMZN*YOSQN2 44082 USA,Amazon,Card Online,Purchase,True,False,Amazon E-commerce,78,review,exact,
TXN000024,CLI001,2025-08-27,-44.09,GRUBHUB NEW,Grubhub,Card Online,Purchase,False,False,Grubhub Delivery,74,review,exact,
TXN000125,CLI001,2025-08-28,-228.77,LYFT LARRYCHESTER AZ,Lyft,Card Online,Purchase,False,False,Lyft Rideshare,68,review,exact,
TXN000441,CLI001,2025-08-28,-42.85,MSFT *XBOX 90028,Xbox,Card Online,Subscription,True,False,Xbox Gaming,68,review,exact,
TXN000499,CLI001,2025-08-28,-73.0,JONES MNTHLY MAY,Unknown,Unknown,Unknown,False,False,Unknown,0,unknown,,
TXN000467,CLI001,2025-08-29,5419.45,VENMO *SPENCER,Venmo,Transfer,Income,False,True,Venmo Freelance,70,review,exact,
TXN000159,CLI001,2025-08-29,-106.67,COMCAST PORT CA,Comcast,Transfer,Direct Debit,True,False,Comcast Internet,74,review,exact,
TXN000075,CLI001,2025-08-30,-20.52,PLANET FITNESS DIANECHESTER WI,Planet Fitness,Card POS,Subscription,True,False,Planet Fitness Gym,88,validated,exact,
TXN000426,CLI001,2025-08-31,-29.06,NF-LX DIGITAL 78758,Unknown,Transfer,Fee,False,False,Unknown,0,unknown,,
TXN000228,CLI001,2025-08-31,-329.6,EBAY INC EFFH8A USA,eBay,Card Online,Purchase,False,False,eBay E-commerce,68,review,exact,
TXN000040,CLI001,2025-08-31,-80.99,BROWN MNTHLY OCT,Uber,Card Online,Purchase,False,False,Uber Rideshare,68,review,fuzzy,
TXN000078,CLI001,2025-08-31,-247.85,CHIPOTLE EAST NJ,Chipotle,Card POS,Purchase,False,False,Chipotle Restaurant,76,review,exact,
TXN000264,CLI001,2025-09-01,-371.56,WALGREENS DANIELLEBURY AZ,Walgreens,Card POS,Purchase,False,False,Walgreens Pharmacy,78,review,exact,
TXN000412,CLI001,2025-09-02,-138.2,CAR LOAN PAYMENT BANK OF AMERICA JUL,Bank,Transfer,Direct Debit,True,False,Bank Car Loan,99,validated,exact,
TXN000434,CLI001,2025-09-03,-315.18,AMZN*JHSG04 10422 USA,Amazon,Card Online,Purchase,False,False,Amazon E-commerce,68,review,exact,
TXN000065,CLI001,2025-09-05,-63.12,UBER RICHARDPORT KY,Uber,Card Online,Purchase,False,False,Uber Rideshare,75,review,fuzzy,
TXN000181,CLI001,2025-09-07,-165.09,UBEREATS PORT,Uber Eats,Card Online,Purchase,False,False,Uber Eats Delivery,76,review,exact,
TXN000149,CLI001,2025-09-07,-11.21,PLAYSTATION 28398 USA,PlayStation,Card Online,Subscription,True,False,PlayStation Gaming,82,review,exact,
TXN000173,CLI001,2025-09-07,-107.46,MORTGAGE PAYMENT BANK OF AMERICA APR,Bank,Transfer,Direct Debit,True,False,Bank Mortgage,92,validated,exact,
TXN000130,CLI001,2025-09-07,5696.19,SOLUTIONS LLC PAYROLL JUN,Employer,Transfer,Income,True,True,Employer Salary,74,review,exact,
TXN000131,CLI001,2025-09-08,-130.07,HBO MAX 65278 USA,HBO Max,Card Online,Subscription,True,False,HBO Max Streaming,74,review,exact,
TXN000021,CLI001,2025-09-08,-411.17,MCDS NORTH,McDonald's,Card POS,Purchase,False,False,McDonald's Fast Food,66,review,exact,
TXN000492,CLI001,2025-09-09,-131.45,AT&T PAYMENT 79352,AT&T,Transfer,Direct Debit,True,False,AT&T Phone,68,review,exact,
TXN000076,CLI001,2025-09-10,-29.85,VERIZON EAST MI,Verizon,Transfer,Direct Debit,True,False,Verizon Phone,74,review,exact,
TXN000290,CLI001,2025-09-10,-160.07,ETSY INC 3VWMJD 41242,Etsy,Card Online,Purchase,False,False,Etsy E-commerce,68,review,exact,
TXN000143,CLI001,2025-09-10,-289.61,BEST BUY LAKE VI,Best Buy,Card POS,Purchase,False,False,Best Buy Electronics,76,review,exact,
TXN000177,CLI001,2025-09-10,-277.29,AMZ*GXU8UU 23829,Amazon,Card Online,Purchase,False,False,Amazon E-commerce,72,review,fuzzy,
TXN000366,CLI001,2025-09-10,-263.97,APPLE STORE SHEILAPORT DC,Apple Store,Card POS,Purchase,False,False,Apple Store Electronics,82,review,exact,
TXN000272,CLI001,2025-09-11,-209.64,EBAY INC ME4PO1 USA,eBay,Card Online,Purchase,False,False,eBay E-commerce,68,review,exact,
TXN000015,CLI001,2025-09-12,-248.41,BOOKING.COM IGATJ9,Booking.com,Card Online,Purchase,False,False,Booking.com Accommodation,82,review,exact,
TXN000485,CLI001,2025-09-12,-18.54,PF MORRISONSTAD VI,Unknown,Transfer,Fee,False,False,Unknown,0,unknown,,
TXN000306,CLI001,2025-09-14,-40.13,COMCAST LAKE CT,Comcast,Transfer,Direct Debit,True,False,Comcast Internet,74,review,exact,
TXN000113,CLI001,2025-09-14,-122.59,AMAZN 73273 USA,Amazon,Card Online,Purchase,False,False,Amazon E-commerce,70,review,exact,
TXN000261,CLI001,2025-09-15,-373.18,AIRBNB JENNIFERVIEW DE,Airbnb,Card Online,Purchase,False,False,Airbnb Accommodation,72,review,exact,
TXN000461,CLI001,2025-09-16,5832.11,GLOBAL INC SAL APR,Unknown,Unknown,Credit,False,False,Unknown,0,unknown,,
TXN000011,CLI001,2025-09-16,-128.19,COMCAST EAST MA,Comcast,Transfer,Direct Debit,True,False,Comcast Internet,74,review,exact,
TXN000084,CLI001,2025-09-16,4362.42,ACH DEPOSIT TECH CORP SALARY,Employer,Transfer,Income,True,True,Employer Salary,68,review,fuzzy,
TXN000238,CLI001,2025-09-18,-177.18,ETSY INC 1BD2SC 25587,Etsy,Card Online,Purchase,True,False,Etsy E-commerce,78,review,exact,
TXN000196,CLI001,2025-09-19,-110.12,MORTGAGE PAYMENT CITIBANK JAN,Bank,Transfer,Direct Debit,True,False,Bank Mortgage,99,validated,exact,
TXN000033,CLI001,2025-09-19,-280.4,EXPEDIA 5T5P5O USA,Expedia,Card Online,Purchase,False,False,Expedia Flight,74,review,exact,
TXN000283,CLI001,2025-09-19,-271.08,UBEREATS LAKE,Uber Eats,Card Online,Purchase,False,False,Uber Eats Delivery,76,review,exact,
TXN000200,CLI001,2025-09-19,-353.82,BEST BUY AGUIRRETOWN TX,Best Buy,Card POS,Purchase,True,False,Best Buy Electronics,86,validated,exact,
TXN000154,CLI001,2025-09-21,-130.99,APPLE STORE MITCHELLMOUTH GU,Apple Store,Card POS,Purchase,False,False,Apple Store Electronics,82,review,exact,
TXN000433,CLI001,2025-09-22,-365.83,APPLE STORE ROBERTFURT MA,Apple Store,Card POS,Purchase,False,False,Apple Store Electronics,82,review,exact,
TXN000373,CLI001,2025-09-23,-258.76,AMZN*TS1HN6 13866 USA,Amazon,Card Online,Purchase,True,False,Amazon E-commerce,78,review,exact,
TXN000285,CLI001,2025-09-23,-7.12,EXPEDIA UKPV8L USA,Expedia,Card Online,Purchase,False,False,Expedia Flight,74,review,exact,
TXN000311,CLI001,2025-09-24,-38.21,YOUTUBE PREMIUM 36789,YouTube Premium,Card Online,Subscription,True,False,YouTube Premium Streaming,90,validated,exact,
TXN000096,CLI001,2025-09-24,-60.95,CON EDISON 88774,Con Edison,Transfer,Direct Debit,True,False,Con Edison Electricity,80,review,exact,
TXN000023,CLI001,2025-09-25,-10.21,COMCAST HILLCHESTER GA,Comcast,Transfer,Direct Debit,True,False,Comcast Internet,74,review,exact,
TXN000111,CLI001,2025-09-26,-10.64,AMZN*88O98B 88956 USA,Amazon,Card Online,Purchase,False,False,Amazon E-commerce,68,review,exact,
TXN000058,CLI001,2025-09-26,-127.18,TRANSFER TO SAVINGS 57798592,Savings,Transfer,Transfer,True,False,Savings Transfer,95,validated,exact,
TXN000132,CLI001,2025-09-27,-420.32,SHELL OIL SHEILACHESTER MD,Shell,Card POS,Purchase,False,False,Shell Gas,70,review,exact,
TXN000213,CLI001,2025-09-27,-61.93,MSFT *XBOX 46226,Xbox,Card Online,Subscription,True,False,Xbox Gaming,68,review,exact,
TXN000048,CLI001,2025-09-30,-172.82,ETSY INC BH25LL 62196,Etsy,Card Online,Purchase,True,False,Etsy E-commerce,78,review,exact,
TXN000336,CLI001,2025-09-30,-30.35,CAR LOAN PAYMENT CITIBANK DEC,Bank,Transfer,Direct Debit,True,False,Bank Car Loan,92,validated,exact,
TXN000300,CLI001,2025-10-01,-123.09,TRANSFER TO SAVINGS FD3B3398,Savings,Transfer,Transfer,True,False,Savings Transfer,99,validated,exact,
TXN000331,CLI001,2025-10-02,-60.36,COMCAST WEST IN,Comcast,Transfer,Direct Debit,True,False,Comcast Internet,74,review,exact,
TXN000029,CLI001,2025-10-02,-54.18,AMZN*KRD5EQ 97881 USA,Amazon,Card Online,Purchase,True,False,Amazon E-commerce,78,review,exact,
TXN000210,CLI001,2025-10-05,-104.11,VERIZON WEST NV,Verizon,Transfer,Direct Debit,True,False,Verizon Phone,84,review,exact,
TXN000293,CLI001,2025-10-05,-285.22,EBAY INC VK8SXF USA,eBay,Card Online,Purchase,False,False,eBay E-commerce,68,review,exact,
TXN000031,CLI001,2025-10-05,-110.45,TRANSFER TO SAVINGS B8B7C818,Savings,Transfer,Transfer,True,False,Savings Transfer,95,validated,exact,
TXN000316,CLI001,2025-10-06,-157.45,DD *DELIVERY ANNAPORT,DoorDash,Card Online,Purchase,False,False,DoorDash Delivery,84,review,exact,
TXN000260,CLI001,2025-10-06,-189.91,AMZN*HK403U 96918 USA,Amazon,Card Online,Purchase,False,False,Amazon E-commerce,68,review,exact,
TXN000046,CLI001,2025-10-07,-146.32,CON EDISON 69914,Con Edison,Transfer,Direct Debit,True,False,Con Edison Electricity,80,review,exact,
TXN000493,CLI001,2025-10-10,-140.98,VERIZON NORTH AZ,Verizon,Transfer,Direct Debit,True,False,Verizon Phone,84,review,exact,
TXN000417,CLI001,2025-10-11,-33.37,COMCAST NAVARROFORT AS,Comcast,Transfer,Direct Debit,True,False,Comcast Internet,74,review,exact,
TXN000063,CLI001,2025-10-11,-9.59,SHELL OIL EAST NH,Shell,Card POS,Purchase,False,False,Shell Gas,70,review,exact,
TXN000239,CLI001,2025-10-13,-490.74,EXPEDIA WSC31T USA,Expedia,Card Online,Purchase,False,False,Expedia Flight,74,review,exact,
TXN000332,CLI001,2025-10-14,-276.44,UBER* LAKE,Uber,Card Online,Purchase,False,False,Uber Rideshare,70,review,exact,
TXN000219,CLI001,2025-10-15,-70.31,CAR LOAN PAYMENT CHASE JAN,Bank,Transfer,Direct Debit,True,False,Bank Car Loan,99,validated,exact,
TXN000124,CLI001,2025-10-18,-472.43,EXPEDIA GDEJ31 USA,Expedia,Card Online,Purchase,True,False,Expedia Flight,84,review,exact,
TXN000270,CLI001,2025-10-19,-385.84,BEST BUY JOSEPHBURY AS,Best Buy,Card POS,Purchase,True,False,Best Buy Electronics,86,validated,exact,
TXN000086,CLI001,2025-10-20,-58.04,COMCAST LAKE CO,Comcast,Transfer,Direct Debit,True,False,Comcast Internet,84,review,exact,
TXN000305,CLI001,2025-10-20,-42.88,LYFT LAKE VT,Lyft,Card Online,Purchase,False,False,Lyft Rideshare,68,review,exact,
TXN000019,CLI001,2025-10-20,-485.24,SHELL OIL NEW WA,Shell,Card POS,Purchase,False,False,Shell Gas,70,review,exact,
TXN000395,CLI001,2025-10-20,-89.75,MORTGAGE PAYMENT WELLS FARGO FEB,Bank,Transfer,Direct Debit,True,False,Bank Mortgage,99,validated,exact,
TXN000364,CLI001,2025-10-21,-287.31,AMZN*JC5QPH 44006 USA,Amazon,Card Online,Purchase,True,False,Amazon E-commerce,78,review,exact,
TXN000339,CLI001,2025-10-24,-84.77,COMCAST MICHELLESTAD CO,Comcast,Transfer,Direct Debit,True,False,Comcast Internet,74,review,exact,
TXN000497,CLI001,2025-10-26,-301.38,EXPEDIA LZRUWB USA,Expedia,Card Online,Purchase,True,False,Expedia Flight,84,review,exact,
TXN000049,CLI001,2025-10-26,-499.08,SHELL OIL EVELYNPORT NY,Shell,Card POS,Purchase,True,False,Shell Gas,80,review,exact,
TXN000207,CLI001,2025-10-26,-126.39,UBER WEST OK,Uber,Card Online,Purchase,False,False,Uber Rideshare,75,review,fuzzy,
TXN000170,CLI001,2025-10-27,-43.64,DISNEY PLUS US,Disney+,Card Online,Subscription,True,False,Disney+ Streaming,82,review,exact,
TXN000496,CLI001,2025-10-27,-53.83,CVS PHARMACY EAST IN,CVS Pharmacy,Card POS,Purchase,False,False,CVS Pharmacy Pharmacy,84,review,exact,
TXN000452,CLI001,2025-10-29,-126.21,AIRBNB SARAFURT UK,Airbnb,Card Online,Purchase,False,False,Airbnb Accommodation,72,review,exact,
TXN000269,CLI001,2025-10-29,-244.03,SHELL OIL HANNATON IN,Shell,Card POS,Purchase,False,False,Shell Gas,70,review,exact,
TXN000416,CLI001,2025-10-30,-41.8,AMZN*NK8PQE 69486 USA,Amazon,Card Online,Purchase,False,False,Amazon E-commerce,68,review,exact,
TXN000212,CLI001,2025-10-30,-129.18,VERIZON ESCOBARBERG VT,Verizon,Transfer,Direct Debit,True,False,Verizon Phone,84,review,exact,
TXN000288,CLI001,2025-10-30,-22.65,BROWN MNTHLY DEC,Uber,Card Online,Purchase,False,False,Uber Rideshare,68,review,fuzzy,
TXN000148,CLI001,2025-10-31,-253.06,GRUBHUB EAST,Grubhub,Card Online,Purchase,False,False,Grubhub Delivery,74,review,exact,
TXN000087,CLI001,2025-10-31,-74.97,DELTA AIR YR8LNO,Delta Airlines,Card Online,Purchase,False,False,Delta Airlines Flight,78,review,exact,
TXN000363,CLI001,2025-11-02,-129.78,UBER EAST TX,Uber Eats,Card Online,Purchase,False,False,Uber Eats Delivery,79,review,fuzzy,
TXN000342,CLI001,2025-11-02,-146.23,AMZN*NSZ9HP 18041 USA,Amazon,Card Online,Purchase,False,False,Amazon E-commerce,68,review,exact,
TXN000390,CLI001,2025-11-02,-89.15,SP MUSIC 51059,Spotify,Card Online,Subscription,True,False,Spotify Music,24,unknown,tfidf,
TXN000161,CLI001,2025-11-03,-68.48,EXPEDIA M2EC8R USA,Expedia,Card Online,Purchase,False,False,Expedia Flight,74,review,exact,
TXN000104,CLI001,2025-11-03,-201.14,BEST BUY TONIBURY ME,Best Buy,Card POS,Purchase,False,False,Best Buy Electronics,76,review,exact,
TXN000313,CLI001,2025-11-04,-14.81,MCDS NEW,McDonald's,Card POS,Purchase,False,False,McDonald's Fast Food,66,review,exact,
TXN000139,CLI001,2025-11-04,5778.72,SOLUTIONS LLC SAL DEC,Unknown,Unknown,Credit,False,False,Unknown,0,unknown,,
TXN000150,CLI001,2025-11-05,-123.5,COMCAST HENSONLAND IN,Comcast,Transfer,Direct Debit,True,False,Comcast Internet,84,review,exact,
TXN000447,CLI001,2025-11-06,-163.22,ETSY INC XJQ2WD 39468,Etsy,Card Online,Purchase,True,False,Etsy E-commerce,78,review,exact,
TXN000112,CLI001,2025-11-07,-134.26,MCDS JONATHANSHIRE,McDonald's,Card POS,Purchase,False,False,McDonald's Fast Food,66,review,exact,
TXN000415,CLI001,2025-11-07,-271.27,DELTA AIR UWDKEJ,Delta Airlines,Card Online,Purchase,False,False,Delta Airlines Flight,78,review,exact,
TXN000437,CLI001,2025-11-07,-156.61,DOORDASH PORT,DoorDash,Card Online,Purchase,True,False,DoorDash Delivery,86,validated,exact,
TXN000470,CLI001,2025-11-07,-153.84,ETSY INC 0M9OHD 76441,Etsy,Card Online,Purchase,True,False,Etsy E-commerce,78,review,exact,
TXN000126,CLI001,2025-11-07,3822.33,TECH CORP SAL JAN,Unknown,Unknown,Credit,False,False,Unknown,0,unknown,,
TXN000318,CLI001,2025-11-08,-293.31,AMZN*03G95P 91844 USA,Amazon,Card Online,Purchase,True,False,Amazon E-commerce,78,review,exact,
TXN000487,CLI001,2025-11-10,-450.53,EBAY INC IAW4OT USA,eBay,Card Online,Purchase,False,False,eBay E-commerce,68,review,exact,
TXN000090,CLI001,2025-11-11,-55.87,TRANSFER TO SAVINGS 95BA2233,Savings,Transfer,Transfer,True,False,Savings Transfer,99,validated,exact,
TXN000357,CLI001,2025-11-12,-114.7,PLAYSTATION 59868 USA,PlayStation,Card Online,Subscription,True,False,PlayStation Gaming,82,review,exact,
TXN000045,CLI001,2025-11-13,-131.68,BOOKING.COM 7OONNC,Booking.com,Card Online,Purchase,False,False,Booking.com Accommodation,82,review,exact,
TXN000371,CLI001,2025-11-13,-54.83,CHIPOTLE NORTH OK,Chipotle,Card POS,Purchase,False,False,Chipotle Restaurant,76,review,exact,
TXN000351,CLI001,2025-11-14,-267.59,ETSY INC NMK7YY 24733,Etsy,Card Online,Purchase,False,False,Etsy E-commerce,68,review,exact,
TXN000069,CLI001,2025-11-14,-21.62,AIRBNB SOUTH UK,Airbnb,Card Online,Purchase,False,False,Airbnb Accommodation,72,review,exact,
TXN000256,CLI001,2025-11-14,-131.36,RENT PAYMENT MAR BROWN,Landlord,Transfer,Direct Debit,True,False,Landlord Rent,84,review,exact,
TXN000144,CLI001,2025-11-16,-411.95,WALGREENS SOUTH NM,Walgreens,Card POS,Purchase,True,False,Walgreens Pharmacy,88,validated,exact,
TXN000370,CLI001,2025-11-18,-123.66,AMZ*4WJT8H 22224,Amazon,Card Online,Purchase,True,False,Amazon E-commerce,82,review,fuzzy,
TXN000155,CLI001,2025-11-19,-85.06,PF SOUTH NE,Unknown,Unknown,Unknown,False,False,Unknown,0,unknown,,
TXN000253,CLI001,2025-11-20,-18.54,STARBUCKS JASONSHIRE IL,Starbucks,Card POS,Purchase,False,False,Starbucks Coffee,78,review,exact,
TXN000420,CLI001,2025-11-20,-107.07,EBAY INC S62C1J USA,eBay,Card Online,Purchase,False,False,eBay E-commerce,68,review,exact,
TXN000488,CLI001,2025-11-20,-126.31,HBO MAX 85885 USA,HBO Max,Card Online,Subscription,True,False,HBO Max Streaming,84,review,exact,
TXN000198,CLI001,2025-11-21,-110.06,HLU *STREAM 73263,Hulu,Card Online,Subscription,True,False,Hulu Streaming,72,review,fuzzy,
TXN000222,CLI001,2025-11-21,-29.82,BROWN MNTHLY MAR,Uber,Card Online,Purchase,False,False,Uber Rideshare,68,review,fuzzy,
TXN000158,CLI001,2025-11-22,-20.44,BROWN MNTHLY MAY,Uber,Card Online,Purchase,False,False,Uber Rideshare,68,review,fuzzy,
TXN000483,CLI001,2025-11-22,-123.66,XBOX GAME PASS 78519,Xbox,Card Online,Subscription,True,False,Xbox Gaming,68,review,exact,
TXN000220,CLI001,2025-11-22,-30.57,PF PORT LA,Unknown,Transfer,Fee,False,False,Unknown,0,unknown,,
TXN000123,CLI001,2025-11-23,-153.6,EXPEDIA OLFARK USA,Expedia,Card Online,Purchase,False,False,Expedia Flight,74,review,exact,
TXN000097,CLI001,2025-11-23,-96.14,CAR LOAN PAYMENT CITIBANK SEP,Bank,Transfer,Direct Debit,True,False,Bank Car Loan,99,validated,exact,
TXN000322,CLI001,2025-11-24,-384.34,GRUBHUB BROWNINGCHESTER,Grubhub,Card Online,Purchase,False,False,Grubhub Delivery,74,review,exact,
TXN000072,CLI001,2025-11-24,-63.07,UBER EATS AMYFURT,Uber Eats,Card Online,Purchase,False,False,Uber Eats Delivery,78,review,exact,
TXN000440,CLI001,2025-11-25,-199.96,BEST BUY PATTERSONBOROUGH IA,Best Buy,Card POS,Purchase,True,False,Best Buy Electronics,86,validated,exact,
TXN000107,CLI001,2025-11-25,-134.89,MORTGAGE PAYMENT BANK OF AMERICA JAN,Bank,Transfer,Direct Debit,True,False,Bank Mortgage,99,validated,exact,
TXN000402,CLI001,2025-11-27,-154.85,AIRBNB JAMESBOROUGH FR,Airbnb,Card Online,Purchase,False,False,Airbnb Accommodation,72,review,exact,
TXN000422,CLI001,2025-11-27,-7.14,PF *GYM TINABURY,Planet Fitness,Card POS,Subscription,True,False,Planet Fitness Gym,74,review,exact,
TXN000094,CLI001,2025-11-28,-40.06,APPLE STORE EAST MP,Apple Store,Card POS,Purchase,False,False,Apple Store Electronics,82,review,exact,
TXN000482,CLI001,2025-11-28,-22.03,TRANSFER TO SAVINGS 68E699CF,Savings,Transfer,Transfer,True,False,Savings Transfer,95,validated,exact,
TXN000054,CLI001,2025-11-28,-211.21,BEST BUY RILEYSIDE MH,Best Buy,Card POS,Purchase,True,False,Best Buy Electronics,86,validated,exact,
TXN000456,CLI001,2025-12-01,-101.97,RENT PAYMENT JUN BROWN,Landlord,Transfer,Direct Debit,True,False,Landlord Rent,84,review,exact,
TXN000446,CLI001,2025-12-01,-5.73,RENT PAYMENT OCT WILLIAMS,Landlord,Transfer,Direct Debit,True,False,Landlord Rent,84,review,exact,
TXN000235,CLI001,2025-12-02,-33.1,MORTGAGE PAYMENT CHASE JUN,Bank,Transfer,Direct Debit,True,False,Bank Mortgage,99,validated,exact,
TXN000405,CLI001,2025-12-04,-454.32,EXPEDIA HA0W52 USA,Expedia,Card Online,Purchase,True,False,Expedia Flight,84,review,exact,
TXN000247,CLI001,2025-12-05,-314.36,BEST BUY CHRISTOPHERBOROUGH AL,Best Buy,Card POS,Purchase,True,False,Best Buy Electronics,86,validated,exact,
TXN000227,CLI001,2025-12-06,-143.95,CON EDISON 79717,Con Edison,Transfer,Direct Debit,True,False,Con Edison Electricity,90,validated,exact,
TXN000092,CLI001,2025-12-07,-124.6,MORTGAGE PAYMENT CITIBANK JUN,Bank,Transfer,Direct Debit,True,False,Bank Mortgage,99,validated,exact,
TXN000050,CLI001,2025-12-10,-81.77,JONES MNTHLY FEB,Bank,Transfer,Fee,True,False,Bank Monthly Fee,82,review,fuzzy,
TXN000081,CLI001,2025-12-11,-163.73,SHELL OIL BURNETTPORT PA,Shell,Card POS,Purchase,False,False,Shell Gas,70,review,exact,
TXN000353,CLI001,2025-12-12,-48.19,EBAY INC 9GNLPY USA,eBay,Card Online,Purchase,False,False,eBay E-commerce,68,review,exact,
TXN000450,CLI001,2025-12-12,-136.56,HBO MAX 79796 USA,HBO Max,Card Online,Subscription,True,False,HBO Max Streaming,84,review,exact,
TXN000091,CLI001,2025-12-13,-88.73,VERIZON NORTH VA,Verizon,Transfer,Direct Debit,True,False,Verizon Phone,74,review,exact,
TXN000108,CLI001,2025-12-13,-353.21,ETSY INC T199DX 44934,Etsy,Card Online,Purchase,False,False,Etsy E-commerce,68,review,exact,
TXN000380,CLI001,2025-12-13,-355.71,STEAM GAMES IJKCU5,Steam,Card Online,Purchase,False,False,Steam Gaming,70,review,exact,
TXN000406,CLI001,2025-12-13,5094.36,ACH DEPOSIT SOLUTIONS LLC SALARY,Employer,Transfer,Income,True,True,Employer Salary,72,review,fuzzy,
TXN000476,CLI001,2025-12-13,-131.63,MORTGAGE PAYMENT CHASE SEP,Bank,Transfer,Direct Debit,True,False,Bank Mortgage,99,validated,exact,
TXN000343,CLI001,2025-12-13,-10.95,PF LAKE ID,Unknown,Transfer,Fee,False,False,Unknown,0,unknown,,
TXN000022,CLI001,2025-12-14,-144.9,MORTGAGE PAYMENT BANK OF AMERICA OCT,Bank,Transfer,Direct Debit,True,False,Bank Mortgage,99,validated,exact,
TXN000190,CLI001,2025-12-16,-128.79,SHELL OIL COLONSIDE ND,Shell,Card POS,Purchase,False,False,Shell Gas,70,review,exact,
TXN000356,CLI001,2025-12-16,-311.43,AMZN*5B1SA3 99116 USA,Amazon,Card Online,Purchase,True,False,Amazon E-commerce,78,review,exact,
TXN000062,CLI001,2025-12-17,-144.86,TRANSFER TO SAVINGS 30E33157,Savings,Transfer,Transfer,True,False,Savings Transfer,95,validated,exact,
TXN000183,CLI001,2025-12-17,-310.89,APPLE STORE LISABERG PR,Apple Store,Card POS,Purchase,False,False,Apple Store Electronics,82,review,exact,
TXN000216,CLI001,2025-12-18,-10.37,BROWN MNTHLY MAR,Uber,Card Online,Purchase,False,False,Uber Rideshare,68,review,fuzzy,
TXN000427,CLI001,2025-12-18,-13.86,VERIZON LYNNSTAD OH,Verizon,Transfer,Direct Debit,True,False,Verizon Phone,74,review,exact,
TXN000268,CLI001,2025-12-18,-147.57,ETSY INC RVWY3R 17956,Etsy,Card Online,Purchase,True,False,Etsy E-commerce,78,review,exact,
TXN000037,CLI001,2025-12-18,-71.71,NTFLX ONLINE US,Netflix,Card Online,Subscription,True,False,Netflix Streaming,70,review,fuzzy,
TXN000419,CLI001,2025-12-19,-64.74,MORTGAGE PAYMENT CITIBANK JUN,Bank,Transfer,Direct Debit,True,False,Bank Mortgage,99,validated,exact,
TXN000066,CLI001,2025-12-21,-34.31,APPLE.COM/BILL 81989,Apple,Card Online,Subscription,True,False,Apple Apps,78,review,exact,
TXN000180,CLI001,2025-12-23,-289.75,BEST BUY JONESSTAD WA,Best Buy,Card POS,Purchase,True,False,Best Buy Electronics,86,validated,exact,
TXN000326,CLI001,2025-12-23,-99.92,TRANSFER TO SAVINGS EB815CD0,Savings,Transfer,Transfer,True,False,Savings Transfer,95,validated,exact,
TXN000234,CLI001,2025-12-24,-284.96,BOOKING.COM R0I2FK,Booking.com,Card Online,Purchase,False,False,Booking.com Accommodation,82,review,exact,
TXN000244,CLI001,2025-12-25,-18.93,AIRBNB JILLVIEW FR,Airbnb,Card Online,Purchase,False,False,Airbnb Accommodation,72,review,exact,
TXN000296,CLI001,2025-12-26,-395.85,DELTA AIR 3X7995,Delta Airlines,Card Online,Purchase,False,False,Delta Airlines Flight,78,review,exact,
TXN000014,CLI001,2025-12-26,-46.03,MORTGAGE PAYMENT WELLS FARGO APR,Bank,Transfer,Direct Debit,True,False,Bank Mortgage,92,validated,exact,
TXN000279,CLI001,2025-12-26,-433.84,AIRBNB WEST FR,Airbnb,Card Online,Purchase,False,False,Airbnb Accommodation,72,review,exact,
TXN000477,CLI001,2025-12-27,-105.59,CAR LOAN PAYMENT BANK OF AMERICA NOV,Bank,Transfer,Direct Debit,True,False,Bank Car Loan,99,validated,exact,
TXN000490,CLI001,2025-12-28,-126.18,COMCAST ROBERTTOWN KY,Comcast,Transfer,Direct Debit,True,False,Comcast Internet,84,review,exact,
TXN000358,CLI001,2025-12-28,-448.77,AMZ*IDUB9R 16297,Amazon,Card Online,Purchase,False,False,Amazon E-commerce,72,review,fuzzy,
TXN000349,CLI001,2025-12-28,-301.82,AMAZON MARKETPLACE 23137,Amazon,Card Online,Purchase,True,False,Amazon E-commerce,82,review,exact,
TXN000324,CLI001,2025-12-29,-374.79,BEST BUY NORTH LA,Best Buy,Card POS,Purchase,True,False,Best Buy Electronics,86,validated,exact,
TXN000251,CLI001,2025-12-30,-73.91,XBOX GAME PASS 45985,Xbox,Card Online,Subscription,True,False,Xbox Gaming,68,review,exact,
TXN000197,CLI001,2025-12-31,-77.07,AT&T PAYMENT 46760,AT&T,Transfer,Direct Debit,True,False,AT&T Phone,68,review,exact,
TXN000160,CLI001,2025-12-31,-107.36,DELTA AIR SA3IDY,Delta Airlines,Card Online,Purchase,False,False,Delta Airlines Flight,78,review,exact,
TXN000259,CLI001,2025-12-31,-21.31,MORTGAGE PAYMENT CHASE MAR,Bank,Transfer,Direct Debit,True,False,Bank Mortgage,92,validated,exact,
TXN000164,CLI001,2025-12-31,5124.66,ACH DEPOSIT TECH CORP SALARY,Employer,Transfer,Income,True,True,Employer Salary,78,review,fuzzy,
TXN000187,CLI001,2026-01-02,-253.65,BOOKING.COM 8K03W0,Booking.com,Card Online,Purchase,False,False,Booking.com Accommodation,82,review,exact,
TXN000056,CLI001,2026-01-02,-293.76,MCDS NORTH,McDonald's,Card POS,Purchase,False,False,McDonald's Fast Food,66,review,exact,
TXN000376,CLI001,2026-01-03,-302.71,EXPEDIA CKHHUZ USA,Expedia,Card Online,Purchase,True,False,Expedia Flight,84,review,exact,
TXN000138,CLI001,2026-01-04,-118.73,MORTGAGE PAYMENT WELLS FARGO JAN,Bank,Transfer,Direct Debit,True,False,Bank Mortgage,99,validated,exact,
TXN000178,CLI001,2026-01-05,-15.74,BOOKING.COM 1P0VUH,Booking.com,Card Online,Purchase,False,False,Booking.com Accommodation,82,review,exact,
TXN000280,CLI001,2026-01-05,-263.27,BEST BUY WEST OH,Best Buy,Card POS,Purchase,False,False,Best Buy Electronics,76,review,exact,
TXN000297,CLI001,2026-01-06,-137.83,GRUBHUB NORTH,Grubhub,Card Online,Purchase,False,False,Grubhub Delivery,74,review,exact,
TXN000229,CLI001,2026-01-06,-39.5,CAR LOAN PAYMENT BANK OF AMERICA JUN,Bank,Transfer,Direct Debit,True,False,Bank Car Loan,92,validated,exact,
TXN000312,CLI001,2026-01-08,-125.53,APPLE.COM/BILL 89700,Apple,Card Online,Subscription,True,False,Apple Apps,78,review,exact,
TXN000008,CLI001,2026-01-08,-75.42,CON EDISON 85456,Con Edison,Transfer,Direct Debit,True,False,Con Edison Electricity,80,review,exact,
TXN000002,CLI001,2026-01-09,5198.8,VENMO PAYMENT ALLEN RECEIVED,Venmo,Transfer,Income,False,True,Venmo Freelance,70,review,exact,
TXN000294,CLI001,2026-01-10,-56.89,MORTGAGE PAYMENT BANK OF AMERICA AUG,Bank,Transfer,Direct Debit,True,False,Bank Mortgage,92,validated,exact,
TXN000367,CLI001,2026-01-10,-292.71,AMZ*GVTN4Y 67343,Amazon,Card Online,Purchase,True,False,Amazon E-commerce,82,review,fuzzy,
TXN000301,CLI001,2026-01-13,4315.2,ACH DEPOSIT GLOBAL INC SALARY,Employer,Transfer,Income,True,True,Employer Salary,69,review,fuzzy,
TXN000223,CLI001,2026-01-14,-473.39,UBER EATS LAKE,Uber Eats,Card Online,Purchase,False,False,Uber Eats Delivery,78,review,exact,
TXN000484,CLI001,2026-01-15,-125.16,APPLE.COM/BILL 31049,Apple,Card Online,Subscription,True,False,Apple Apps,88,validated,exact,
TXN000151,CLI001,2026-01-15,-417.52,SHELL OIL NORTH RI,Shell,Card POS,Purchase,False,False,Shell Gas,70,review,exact,
TXN000445,CLI001,2026-01-15,-142.8,TRANSFER TO SAVINGS AE6F1EB6,Savings,Transfer,Transfer,True,False,Savings Transfer,99,validated,exact,
TXN000361,CLI001,2026-01-19,-227.8,AMZN*JRJ5XF 26248 USA,Amazon,Card Online,Purchase,False,False,Amazon E-commerce,68,review,exact,
TXN000109,CLI001,2026-01-19,-8.18,GOLDS GYM SOUTH ND,Gold's Gym,Card POS,Subscription,True,False,Gold's Gym Gym,78,review,exact,
TXN000436,CLI001,2026-01-20,-79.42,COMCAST BRITTANYFORT WA,Comcast,Transfer,Direct Debit,True,False,Comcast Internet,84,review,exact,
TXN000079,CLI001,2026-01-21,-32.17,CON EDISON 19634,Con Edison,Transfer,Direct Debit,True,False,Con Edison Electricity,80,review,exact,
TXN000026,CLI001,2026-01-22,-119.35,COMCAST EAST VA,Comcast,Transfer,Direct Debit,True,False,Comcast Internet,84,review,exact,
TXN000399,CLI001,2026-01-22,-249.31,AMAZN 81557 USA,Amazon,Card Online,Purchase,True,False,Amazon E-commerce,80,review,exact,
TXN000409,CLI001,2026-01-23,-110.31,YOUTUBE PREMIUM 48125,YouTube Premium,Card Online,Subscription,True,False,YouTube Premium Streaming,90,validated,exact,
TXN000206,CLI001,2026-01-23,-180.88,AIRBNB KATIESHIRE UK,Airbnb,Card Online,Purchase,False,False,Airbnb Accommodation,72,review,exact,
TXN000354,CLI001,2026-01-24,-482.63,AMZN*NRED6M 28264 USA,Amazon,Card Online,Purchase,True,False,Amazon E-commerce,78,review,exact,
TXN000403,CLI001,2026-01-26,5245.85,ACH DEPOSIT INDUSTRIES SALARY,Employer,Transfer,Income,True,True,Employer Salary,78,review,fuzzy,
TXN000337,CLI001,2026-01-26,-446.78,EXPEDIA MBRG8M USA,Expedia,Card Online,Purchase,True,False,Expedia Flight,84,review,exact,
TXN000128,CLI001,2026-01-26,-106.61,JONES MNTHLY AUG,Unknown,Unknown,Unknown,False,False,Unknown,0,unknown,,
TXN000252,CLI001,2026-01-27,-153.94,AIRBNB GONZALEZMOUTH FR,Airbnb,Card Online,Purchase,True,False,Airbnb Accommodation,82,review,exact,
TXN000241,CLI001,2026-01-27,-140.12,APPLE STORE BULLOCKVIEW GU,Apple Store,Card POS,Purchase,False,False,Apple Store Electronics,82,review,exact,
TXN000263,CLI001,2026-01-27,-72.89,CON EDISON 58265,Con Edison,Transfer,Direct Debit,True,False,Con Edison Electricity,90,validated,exact,
TXN000001,CLI001,2026-01-28,-8.59,VERIZON SANFORDBURY NM,Verizon,Transfer,Direct Debit,True,False,Verizon Phone,74,review,exact,
TXN000355,CLI001,2026-01-29,-349.15,AMZN*XC45BN 20353 USA,Amazon,Card Online,Purchase,False,False,Amazon E-commerce,68,review,exact,
TXN000475,CLI001,2026-01-30,-22.08,RENT PAYMENT JUN JONES,Landlord,Transfer,Direct Debit,True,False,Landlord Rent,84,review,exact,
TXN000315,CLI001,2026-01-30,-101.52,HLU *STREAM 67186,Hulu,Card Online,Subscription,True,False,Hulu Streaming,82,review,fuzzy,
TXN000391,CLI001,2026-01-30,-257.86,BEST BUY JOSHUALAND CA,Best Buy,Card POS,Purchase,True,False,Best Buy Electronics,86,validated,exact,
TXN000473,CLI001,2026-02-01,5290.79,PAYPAL TRANSFER 9A47E2A5 RECEIVED,PayPal,Transfer,Income,False,False,PayPal P2P,72,review,exact,
TXN000255,CLI001,2026-02-01,-76.65,GOLDS GYM LAKE MD,Gold's Gym,Card POS,Subscription,True,False,Gold's Gym Gym,78,review,exact,
TXN000189,CLI001,2026-02-02,-133.24,MORTGAGE PAYMENT CHASE AUG,Bank,Transfer,Direct Debit,True,False,Bank Mortgage,99,validated,exact,
TXN000401,CLI001,2026-02-02,-131.62,SMITH MNTHLY JUN,Unknown,Unknown,Unknown,False,False,Unknown,0,unknown,,
TXN000025,CLI001,2026-02-03,-60.3,SMITH MNTHLY FEB,Bank,Transfer,Fee,True,False,Bank Monthly Fee,82,review,fuzzy,
TXN000314,CLI001,2026-02-03,-485.39,UBER* RUTHMOUTH,Uber,Card Online,Purchase,False,False,Uber Rideshare,70,review,exact,
TXN000348,CLI001,2026-02-03,-144.61,CVS PHARMACY NORTH SC,CVS Pharmacy,Card POS,Purchase,False,False,CVS Pharmacy Pharmacy,84,review,exact,
TXN000299,CLI001,2026-02-03,-304.0,ETSY INC IXMC4S 94365,Etsy,Card Online,Purchase,False,False,Etsy E-commerce,68,review,exact,
TXN000410,CLI001,2026-02-03,5930.99,INDUSTRIES PAYROLL AUG,Employer,Transfer,Income,True,True,Employer Salary,74,review,exact,
TXN000115,CLI001,2026-02-03,-441.42,STEAM GAMES BPJ4UF,Steam,Card Online,Purchase,False,False,Steam Gaming,70,review,exact,
TXN000006,CLI001,2026-02-04,-408.43,LYFT ERICSTAD AK,Lyft,Card Online,Purchase,False,False,Lyft Rideshare,68,review,exact,
TXN000127,CLI001,2026-02-04,-29.5,COMCAST EAST MH,Comcast,Transfer,Direct Debit,True,False,Comcast Internet,74,review,exact,
TXN000451,CLI001,2026-02-04,-79.14,CON EDISON 20552,Con Edison,Transfer,Direct Debit,True,False,Con Edison Electricity,90,validated,exact,
TXN000095,CLI001,2026-02-04,-74.31,AMZN*DNKN35 94092 USA,Amazon,Card Online,Purchase,False,False,Amazon E-commerce,68,review,exact,
TXN000088,CLI001,2026-02-06,-250.01,LYFT DAVIDTOWN RI,Lyft,Card Online,Purchase,False,False,Lyft Rideshare,68,review,exact,
TXN000275,CLI001,2026-02-07,-48.2,SMITH MNTHLY APR,Unknown,Transfer,Fee,False,False,Unknown,0,unknown,,
TXN000334,CLI001,2026-02-07,-231.6,APPLE STORE DIAZBOROUGH NE,Apple Store,Card POS,Purchase,False,False,Apple Store Electronics,82,review,exact,
TXN000167,CLI001,2026-02-07,-97.77,APPLE.COM/BILL 56771,Apple,Card Online,Subscription,True,False,Apple Apps,78,review,exact,
TXN000211,CLI001,2026-02-07,-337.59,LYFT SOUTH ND,Lyft,Card Online,Purchase,False,False,Lyft Rideshare,68,review,exact,
TXN000009,CLI001,2026-02-07,-126.06,YOUTUBE PREMIUM 87580,YouTube Premium,Card Online,Subscription,True,False,YouTube Premium Streaming,90,validated,exact,
TXN000394,CLI001,2026-02-08,-79.39,SP MUSIC 95252,Spotify,Card Online,Subscription,True,False,Spotify Music,24,unknown,tfidf,
TXN000171,CLI001,2026-02-08,-469.02,ETSY INC G6JNA9 42631,Etsy,Card Online,Purchase,False,False,Etsy E-commerce,68,review,exact,
TXN000185,CLI001,2026-02-09,-88.07,BROWN MNTHLY SEP,Uber,Card Online,Purchase,False,False,Uber Rideshare,68,review,fuzzy,
TXN000378,CLI001,2026-02-09,-442.24,DOORDASH EAST,DoorDash,Card Online,Purchase,False,False,DoorDash Delivery,76,review,exact,
TXN000051,CLI001,2026-02-11,-14.42,HLU *STREAM 68493,Hulu,Card Online,Subscription,True,False,Hulu Streaming,72,review,fuzzy,
TXN000028,CLI001,2026-02-11,-64.2,TRANSFER TO SAVINGS 30E8E31D,Savings,Transfer,Transfer,True,False,Savings Transfer,95,validated,exact,
TXN000117,CLI001,2026-02-11,-60.54,COMCAST NEW IN,Comcast,Transfer,Direct Debit,True,False,Comcast Internet,74,review,exact,
TXN000321,CLI001,2026-02-12,-83.4,BROWN MNTHLY DEC,Uber,Card Online,Purchase,True,False,Uber Rideshare,78,review,fuzzy,
TXN000374,CLI001,2026-02-12,-87.79,CVS PHARMACY PORT OK,CVS Pharmacy,Card POS,Purchase,False,False,CVS Pharmacy Pharmacy,84,review,exact,
TXN000298,CLI001,2026-02-13,-50.97,WILLIAMS MNTHLY FEB,Bank,Transfer,Fee,True,False,Bank Monthly Fee,82,review,fuzzy,
TXN000396,CLI001,2026-02-14,-163.97,AMZN*4FDD7R 40347 USA,Amazon,Card Online,Purchase,False,False,Amazon E-commerce,68,review,exact,
TXN000020,CLI001,2026-02-14,-278.36,AIRBNB FOSTERSHIRE IE,Airbnb,Card Online,Purchase,False,False,Airbnb Accommodation,72,review,exact,
TXN000053,CLI001,2026-02-17,-423.74,AIRBNB PORT FR,Airbnb,Card Online,Purchase,True,False,Airbnb Accommodation,82,review,exact,
TXN000273,CLI001,2026-02-17,-212.56,EXPEDIA 2NBFA3 USA,Expedia,Card Online,Purchase,False,False,Expedia Flight,74,review,exact,
TXN000317,CLI001,2026-02-18,4626.65,TECH CORP SAL FEB,Unknown,Unknown,Credit,False,False,Unknown,0,unknown,,
TXN000169,CLI001,2026-02-18,-313.26,BOOKING.COM OF0ONJ,Booking.com,Card Online,Purchase,True,False,Booking.com Accommodation,92,validated,exact,
TXN000249,CLI001,2026-02-19,-245.49,UBER EATS LAKE,Uber Eats,Card Online,Purchase,False,False,Uber Eats Delivery,78,review,exact,
TXN000449,CLI001,2026-02-20,-135.57,TRANSFER TO SAVINGS F922CB66,Savings,Transfer,Transfer,True,False,Savings Transfer,99,validated,exact,
TXN000369,CLI001,2026-02-20,-83.43,AMZN*FN33VM 84997 USA,Amazon,Card Online,Purchase,False,False,Amazon E-commerce,68,review,exact,
TXN000309,CLI001,2026-02-20,-64.61,COMCAST EAST MS,Comcast,Transfer,Direct Debit,True,False,Comcast Internet,84,review,exact,
TXN000101,CLI001,2026-02-21,-187.3,CVS PHARMACY MOOREBOROUGH LA,CVS Pharmacy,Card POS,Purchase,False,False,CVS Pharmacy Pharmacy,84,review,exact,
TXN000129,CLI001,2026-02-22,-249.58,AIRBNB LAKE FR,Airbnb,Card Online,Purchase,False,False,Airbnb Accommodation,72,review,exact,
TXN000345,CLI001,2026-02-22,-36.58,AT&T PAYMENT 34928,AT&T,Transfer,Direct Debit,True,False,AT&T Phone,68,review,exact,
TXN000472,CLI001,2026-02-22,-28.02,BEST BUY PEREZFURT CA,Best Buy,Card POS,Purchase,False,False,Best Buy Electronics,76,review,exact,
TXN000442,CLI001,2026-02-23,-404.53,ETSY INC Y4QCYD 63015,Etsy,Card Online,Purchase,False,False,Etsy E-commerce,68,review,exact,
TXN000284,CLI001,2026-02-24,-62.32,TRANSFER TO SAVINGS 65A980B9,Savings,Transfer,Transfer,True,False,Savings Transfer,99,validated,exact,
TXN000246,CLI001,2026-02-24,-36.04,CON EDISON 85043,Con Edison,Transfer,Direct Debit,True,False,Con Edison Electricity,80,review,exact,
TXN000413,CLI001,2026-02-24,-116.06,YOUTUBE PREMIUM 89791,YouTube Premium,Card Online,Subscription,True,False,YouTube Premium Streaming,99,validated,exact,
TXN000469,CLI001,2026-02-25,-28.62,TRANSFER TO SAVINGS 7636D12E,Savings,Transfer,Transfer,True,False,Savings Transfer,95,validated,exact,
TXN000240,CLI001,2026-02-25,-469.85,SQ *COFFEE RODRIGUEZPORT,Starbucks,Card POS,Purchase,False,False,Starbucks Coffee,23,unknown,tfidf,
TXN000233,CLI001,2026-02-25,-76.13,MORTGAGE PAYMENT CHASE JUL,Bank,Transfer,Direct Debit,True,False,Bank Mortgage,99,validated,exact,
TXN000186,CLI001,2026-02-26,-110.43,TRANSFER TO SAVINGS F2EE58F1,Savings,Transfer,Transfer,True,False,Savings Transfer,99,validated,exact,
TXN000341,CLI001,2026-02-27,-13.74,STRBCKS SOUTH,Starbucks,Card POS,Purchase,False,False,Starbucks Coffee,74,review,exact,
TXN000360,CLI001,2026-02-28,-290.37,APPLE STORE JACQUELINEMOUTH PR,Apple Store,Card POS,Purchase,True,False,Apple Store Electronics,92,validated,exact,
TXN000328,CLI001,2026-03-02,-74.53,TRANSFER TO SAVINGS A5117A80,Savings,Transfer,Transfer,True,False,Savings Transfer,95,validated,exact,
TXN000335,CLI001,2026-03-04,-103.17,TRANSFER TO SAVINGS A131914E,Savings,Transfer,Transfer,True,False,Savings Transfer,99,validated,exact,
TXN000307,CLI001,2026-03-04,-332.96,EBAY INC 4GADKT USA,eBay,Card Online,Purchase,False,False,eBay E-commerce,68,review,exact,
TXN000430,CLI001,2026-03-05,-395.54,SHELL OIL WEST MD,Shell,Card POS,Purchase,True,False,Shell Gas,80,review,exact,
TXN000119,CLI001,2026-03-06,4123.73,ACH DEPOSIT SOLUTIONS LLC SALARY,Employer,Transfer,Income,True,True,Employer Salary,82,review,fuzzy,
TXN000455,CLI001,2026-03-07,-430.28,STEAM GAMES ZUV1FK,Steam,Card Online,Purchase,True,False,Steam Gaming,80,review,exact,
TXN000166,CLI001,2026-03-07,3710.78,ACH DEPOSIT TECH CORP SALARY,Employer,Transfer,Income,True,True,Employer Salary,68,review,fuzzy,
TXN000287,CLI001,2026-03-07,-89.39,APPLE STORE POWERSBERG FM,Apple Store,Card POS,Purchase,False,False,Apple Store Electronics,82,review,exact,
TXN000448,CLI001,2026-03-07,-284.62,APPLE STORE WILSONCHESTER KS,Apple Store,Card POS,Purchase,True,False,Apple Store Electronics,92,validated,exact,
TXN000192,CLI001,2026-03-08,-96.5,SQ *COFFEE EAST,Starbucks,Card POS,Purchase,False,False,Starbucks Coffee,23,unknown,tfidf,
TXN000080,CLI001,2026-03-09,-29.25,CON EDISON 11617,Con Edison,Transfer,Direct Debit,True,False,Con Edison Electricity,90,validated,exact,
TXN000443,CLI001,2026-03-10,-58.23,CON EDISON 60262,Con Edison,Transfer,Direct Debit,True,False,Con Edison Electricity,80,review,exact,
TXN000147,CLI001,2026-03-10,-134.24,HULU 39035 USA,Hulu,Card Online,Subscription,True,False,Hulu Streaming,68,review,exact,
TXN000248,CLI001,2026-03-12,-34.52,SMITH RENT OCT,Landlord,Transfer,Direct Debit,True,False,Landlord Rent,68,review,exact,
TXN000120,CLI001,2026-03-13,-29.58,EBAY INC ZJ3SWE USA,eBay,Card Online,Purchase,False,False,eBay E-commerce,68,review,exact,
TXN000199,CLI001,2026-03-15,-27.84,PLAYSTATION 16047 USA,PlayStation,Card Online,Subscription,True,False,PlayStation Gaming,82,review,exact,
TXN000489,CLI001,2026-03-15,-100.96,MORTGAGE PAYMENT CITIBANK FEB,Bank,Transfer,Direct Debit,True,False,Bank Mortgage,99,validated,exact,
TXN000265,CLI001,2026-03-16,-347.44,AMAZN 91764 USA,Amazon,Card Online,Purchase,True,False,Amazon E-commerce,80,review,exact,
TXN000267,CLI001,2026-03-17,-279.38,ETSY INC AFFZ8Q 68918,Etsy,Card Online,Purchase,True,False,Etsy E-commerce,78,review,exact,
TXN000122,CLI001,2026-03-18,-26.74,PLAYSTATION 59051 USA,PlayStation,Card Online,Subscription,True,False,PlayStation Gaming,92,validated,exact,
TXN000005,CLI001,2026-03-18,-360.58,LYFT SALAZARBERG AK,Lyft,Card Online,Purchase,True,False,Lyft Rideshare,78,review,exact,
TXN000438,CLI001,2026-03-19,-63.11,AT&T PAYMENT 41927,AT&T,Transfer,Direct Debit,True,False,AT&T Phone,68,review,exact,
TXN000428,CLI001,2026-03-19,-23.37,AT&T PAYMENT 65858,AT&T,Transfer,Direct Debit,True,False,AT&T Phone,68,review,exact,
TXN000418,CLI001,2026-03-20,-421.14,AMZN*EWDS0H 66927 USA,Amazon,Card Online,Purchase,True,False,Amazon E-commerce,78,review,exact,
TXN000010,CLI001,2026-03-20,-482.54,BEST BUY WEST AZ,Best Buy,Card POS,Purchase,False,False,Best Buy Electronics,76,review,exact,
TXN000462,CLI001,2026-03-21,-417.11,CVS PHARMACY PORT WV,CVS Pharmacy,Card POS,Purchase,False,False,CVS Pharmacy Pharmacy,84,review,exact,
TXN000385,CLI001,2026-03-21,-429.19,AMZN*U94SGF 22308 USA,Amazon,Card Online,Purchase,True,False,Amazon E-commerce,78,review,exact,
TXN000425,CLI001,2026-03-22,-66.73,VERIZON ROYPORT HI,Verizon,Transfer,Direct Debit,True,False,Verizon Phone,74,review,exact,
TXN000382,CLI001,2026-03-23,-67.87,MORTGAGE PAYMENT US BANK JAN,Bank,Transfer,Direct Debit,True,False,Bank Mortgage,92,validated,exact,
TXN000116,CLI001,2026-03-23,-197.11,DD *DELIVERY WEST,DoorDash,Card Online,Purchase,False,False,DoorDash Delivery,84,review,exact,
TXN000281,CLI001,2026-03-23,-147.07,AT&T PAYMENT 85963,AT&T,Transfer,Direct Debit,True,False,AT&T Phone,68,review,exact,
TXN000474,CLI001,2026-03-24,-52.55,CAR LOAN PAYMENT CITIBANK OCT,Bank,Transfer,Direct Debit,True,False,Bank Car Loan,99,validated,exact,
TXN000073,CLI001,2026-03-25,-42.81,GOLDS GYM NORTH KS,Gold's Gym,Card POS,Subscription,True,False,Gold's Gym Gym,78,review,exact,
TXN000203,CLI001,2026-03-26,-52.47,HBO MAX 40953 USA,HBO Max,Card Online,Subscription,True,False,HBO Max Streaming,74,review,exact,
TXN000393,CLI001,2026-03-27,-101.82,TRANSFER TO SAVINGS A2B874AF,Savings,Transfer,Transfer,True,False,Savings Transfer,99,validated,exact,
TXN000118,CLI001,2026-03-28,-48.57,CON EDISON 53449,Con Edison,Transfer,Direct Debit,True,False,Con Edison Electricity,80,review,exact,
TXN000278,CLI001,2026-03-28,-12.05,JONES RENT FEB,Landlord,Transfer,Direct Debit,True,False,Landlord Rent,68,review,exact,
TXN000338,CLI001,2026-03-29,-185.43,AMZN*WLMA6G 56469 USA,Amazon,Card Online,Purchase,False,False,Amazon E-commerce,68,review,exact,
TXN000012,CLI001,2026-03-30,-192.6,EBAY INC W3ZP08 USA,eBay,Card Online,Purchase,False,False,eBay E-commerce,68,review,exact,
TXN000102,CLI001,2026-04-01,-45.57,TRANSFER TO SAVINGS 6B43F6FF,Savings,Transfer,Transfer,True,False,Savings Transfer,95,validated,exact,
TXN000093,CLI001,2026-04-02,-329.02,UBEREATS ALVARADOSHIRE,Uber Eats,Card Online,Purchase,False,False,Uber Eats Delivery,76,review,exact,
TXN000424,CLI001,2026-04-03,-94.39,MORTGAGE PAYMENT WELLS FARGO OCT,Bank,Transfer,Direct Debit,True,False,Bank Mortgage,99,validated,exact,
TXN000134,CLI001,2026-04-03,-19.13,BROWN MNTHLY NOV,Uber,Card Online,Purchase,False,False,Uber Rideshare,68,review,fuzzy,
TXN000163,CLI001,2026-04-04,-260.92,SHELL OIL WEST RI,Shell,Card POS,Purchase,False,False,Shell Gas,70,review,exact,
TXN000077,CLI001,2026-04-04,-411.35,EXPEDIA 2U4DTB USA,Expedia,Card Online,Purchase,True,False,Expedia Flight,84,review,exact,
TXN000098,CLI001,2026-04-05,4633.43,VENMO PAYMENT MILLER RECEIVED,Venmo,Transfer,Income,False,True,Venmo Freelance,70,review,exact,
TXN000359,CLI001,2026-04-06,-183.36,AMZ*R5BFYC 92044,Amazon,Card Online,Purchase,True,False,Amazon E-commerce,82,review,fuzzy,
TXN000007,CLI001,2026-04-07,-65.16,CAR LOAN PAYMENT US BANK NOV,Bank,Transfer,Direct Debit,True,False,Bank Car Loan,99,validated,exact,
TXN000414,CLI001,2026-04-09,-407.92,AMZN*VNXNPS 87080 USA,Amazon,Card Online,Purchase,True,False,Amazon E-commerce,78,review,exact,
TXN000454,CLI001,2026-04-10,-47.82,MORTGAGE PAYMENT BANK OF AMERICA JUL,Bank,Transfer,Direct Debit,True,False,Bank Mortgage,99,validated,exact,
TXN000146,CLI001,2026-04-11,-162.3,AMZ*GG2447 81939,Amazon,Card Online,Purchase,True,False,Amazon E-commerce,82,review,fuzzy,
TXN000226,CLI001,2026-04-12,-179.59,CVS PHARMACY PETERSONBOROUGH NY,CVS Pharmacy,Card POS,Purchase,True,False,CVS Pharmacy Pharmacy,94,validated,exact,
TXN000460,CLI001,2026-04-12,-100.83,GRUBHUB NORTH,Grubhub,Card Online,Purchase,False,False,Grubhub Delivery,74,review,exact,
TXN000289,CLI001,2026-04-14,-314.87,DELTA AIR SBZB7T,Delta Airlines,Card Online,Purchase,False,False,Delta Airlines Flight,78,review,exact,
TXN000172,CLI001,2026-04-15,-83.06,ETSY INC WH55HE 92956,Etsy,Card Online,Purchase,False,False,Etsy E-commerce,68,review,exact,
TXN000458,CLI001,2026-04-16,-53.64,UBER EATS HODGESVIEW,Uber Eats,Card Online,Purchase,False,False,Uber Eats Delivery,78,review,exact,
TXN000429,CLI001,2026-04-16,-79.2,CON EDISON 97621,Con Edison,Transfer,Direct Debit,True,False,Con Edison Electricity,90,validated,exact,
TXN000387,CLI001,2026-04-18,-483.5,APPLE STORE HILLTOWN NC,Apple Store,Card POS,Purchase,False,False,Apple Store Electronics,82,review,exact,
TXN000162,CLI001,2026-04-18,4414.81,VENMO PAYMENT PENA RECEIVED,Venmo,Transfer,Income,True,True,Venmo Freelance,80,review,exact,
TXN000478,CLI001,2026-04-20,-129.41,AMZ*W4I7ZT 89910,Amazon,Card Online,Purchase,False,False,Amazon E-commerce,72,review,fuzzy,
TXN000468,CLI001,2026-04-21,-154.95,LYFT EAST GA,Lyft,Card Online,Purchase,False,False,Lyft Rideshare,68,review,exact,
TXN000168,CLI001,2026-04-22,-59.18,HBO MAX 11383 USA,HBO Max,Card Online,Subscription,True,False,HBO Max Streaming,74,review,exact,
TXN000067,CLI001,2026-04-23,-214.73,EBAY INC 4PYZR6 USA,eBay,Card Online,Purchase,False,False,eBay E-commerce,68,review,exact,
TXN000003,CLI001,2026-04-23,-67.54,NTFLX ONLINE US,Netflix,Card Online,Subscription,True,False,Netflix Streaming,70,review,fuzzy,
TXN000165,CLI001,2026-04-24,-200.75,EBAY INC MYR06N USA,eBay,Card Online,Purchase,True,False,eBay E-commerce,78,review,exact,
TXN000232,CLI001,2026-04-24,-147.87,EXPEDIA YDSHLV USA,Expedia,Card Online,Purchase,False,False,Expedia Flight,74,review,exact,
TXN000043,CLI001,2026-04-25,-187.08,EXPEDIA BM1ENF USA,Expedia,Card Online,Purchase,False,False,Expedia Flight,74,review,exact,
TXN000282,CLI001,2026-04-26,-195.6,AMZ*F8YC8G 17667,Amazon,Card Online,Purchase,True,False,Amazon E-commerce,82,review,fuzzy,
TXN000423,CLI001,2026-04-26,-60.45,JONES MNTHLY FEB,Bank,Transfer,Fee,True,False,Bank Monthly Fee,82,review,fuzzy,
TXN000052,CLI001,2026-04-26,-208.34,UE *FOOD KINGTOWN,Uber Eats,Card Online,Purchase,False,False,Uber Eats Delivery,76,review,exact,
TXN000262,CLI001,2026-04-29,-18.94,TRANSFER TO SAVINGS F24CBEE9,Savings,Transfer,Transfer,True,False,Savings Transfer,95,validated,exact,
TXN000017,CLI001,2026-05-01,-375.73,AMZN*OYQBKK 69510 USA,Amazon,Card Online,Purchase,True,False,Amazon E-commerce,78,review,exact,
TXN000479,CLI001,2026-05-03,-69.29,JOHNSON RENT NOV,Landlord,Transfer,Direct Debit,True,False,Landlord Rent,68,review,exact,
TXN000407,CLI001,2026-05-03,-360.09,MCDONALD'S REIDFURT UT,McDonald's,Card POS,Purchase,False,False,McDonald's Fast Food,76,review,exact,
TXN000295,CLI001,2026-05-03,-468.38,EBAY INC PW6M9H USA,eBay,Card Online,Purchase,False,False,eBay E-commerce,68,review,exact,
TXN000156,CLI001,2026-05-04,-238.48,DELTA AIR UR9U1O,Delta Airlines,Card Online,Purchase,False,False,Delta Airlines Flight,78,review,exact,
TXN000271,CLI001,2026-05-04,-367.61,STARBUCKS DEBORAHPORT IL,Starbucks,Card POS,Purchase,False,False,Starbucks Coffee,78,review,exact,
TXN000133,CLI001,2026-05-04,-161.45,EXPEDIA BXF445 USA,Expedia,Card Online,Purchase,True,False,Expedia Flight,84,review,exact,
TXN000237,CLI001,2026-05-05,-105.17,SMITH MNTHLY JUN,Unknown,Unknown,Unknown,False,False,Unknown,0,unknown,,
TXN000174,CLI001,2026-05-05,-123.2,GRUBHUB PORT,Grubhub,Card Online,Purchase,False,False,Grubhub Delivery,74,review,exact,
TXN000258,CLI001,2026-05-05,-446.87,AMZ*75ELTF 25314,Amazon,Card Online,Purchase,True,False,Amazon E-commerce,82,review,fuzzy,
TXN000142,CLI001,2026-05-06,-259.38,EXPEDIA AYQ6WW USA,Expedia,Card Online,Purchase,False,False,Expedia Flight,74,review,exact,
TXN000400,CLI001,2026-05-07,-93.18,PF NORTH CO,Unknown,Unknown,Unknown,False,False,Unknown,0,unknown,,
TXN000064,CLI001,2026-05-09,-79.72,MORTGAGE PAYMENT WELLS FARGO FEB,Bank,Transfer,Direct Debit,True,False,Bank Mortgage,99,validated,exact,
TXN000018,CLI001,2026-05-10,-382.74,WALGREENS EAST VI,Walgreens,Card POS,Purchase,False,False,Walgreens Pharmacy,78,review,exact,
TXN000044,CLI001,2026-05-11,-18.3,TRANSFER TO SAVINGS 81DD4C4E,Savings,Transfer,Transfer,True,False,Savings Transfer,99,validated,exact,
TXN000225,CLI001,2026-05-11,-140.18,RENT PAYMENT JUL WILLIAMS,Landlord,Transfer,Direct Debit,True,False,Landlord Rent,84,review,exact,
TXN000121,CLI001,2026-05-11,4130.0,GLOBAL INC PAYROLL NOV,Employer,Transfer,Income,True,True,Employer Salary,84,review,exact,
TXN000224,CLI001,2026-05-12,-353.14,BOOKING.COM 9BQ1BT,Booking.com,Card Online,Purchase,False,False,Booking.com Accommodation,82,review,exact,
TXN000182,CLI001,2026-05-13,-435.03,APPLE STORE ADAMSVIEW TN,Apple Store,Card POS,Purchase,False,False,Apple Store Electronics,82,review,exact,
TXN000016,CLI001,2026-05-14,-39.78,SMITH MNTHLY AUG,Unknown,Transfer,Fee,False,False,Unknown,0,unknown,,
TXN000327,CLI001,2026-05-14,-172.55,APPLE STORE PORT MT,Apple Store,Card POS,Purchase,False,False,Apple Store Electronics,82,review,exact,
TXN000100,CLI001,2026-05-14,-51.66,MORTGAGE PAYMENT US BANK APR,Bank,Transfer,Direct Debit,True,False,Bank Mortgage,99,validated,exact,
TXN000153,CLI001,2026-05-17,-254.15,AIRBNB EAST UK,Airbnb,Card Online,Purchase,True,False,Airbnb Accommodation,82,review,exact,
TXN000481,CLI001,2026-05-18,-212.72,APPLE STORE LAKE NE,Apple Store,Card POS,Purchase,False,False,Apple Store Electronics,82,review,exact,
TXN000074,CLI001,2026-05-18,-126.66,CON EDISON 99764,Con Edison,Transfer,Direct Debit,True,False,Con Edison Electricity,80,review,exact,
TXN000034,CLI001,2026-05-19,-127.55,TRANSFER TO SAVINGS 827D5814,Savings,Transfer,Transfer,True,False,Savings Transfer,99,validated,exact,
TXN000292,CLI001,2026-05-19,-443.18,AMZN*AZV46E 76702 USA,Amazon,Card Online,Purchase,True,False,Amazon E-commerce,78,review,exact,
TXN000464,CLI001,2026-05-19,-116.95,SP MUSIC 52538,Spotify,Card Online,Subscription,True,False,Spotify Music,24,unknown,tfidf,
TXN000110,CLI001,2026-05-19,-104.83,RENT PAYMENT NOV WILLIAMS,Landlord,Transfer,Direct Debit,True,False,Landlord Rent,84,review,exact,
TXN000218,CLI001,2026-05-21,-188.11,AMZN*EVWCHM 98918 USA,Amazon,Card Online,Purchase,True,False,Amazon E-commerce,78,review,exact,
TXN000176,CLI001,2026-05-21,-480.49,UE *FOOD PORT,Uber Eats,Card Online,Purchase,False,False,Uber Eats Delivery,76,review,exact,
TXN000377,CLI001,2026-05-21,-93.79,MSFT *XBOX 62797,Xbox,Card Online,Subscription,True,False,Xbox Gaming,68,review,exact,
TXN000059,CLI001,2026-05-22,-26.43,PLAYSTATION 64596 USA,PlayStation,Card Online,Subscription,True,False,PlayStation Gaming,92,validated,exact,
TXN000201,CLI001,2026-05-22,-31.59,MORTGAGE PAYMENT US BANK FEB,Bank,Transfer,Direct Debit,True,False,Bank Mortgage,92,validated,exact,
TXN000386,CLI001,2026-05-24,-493.73,DELTA AIR Y0A94X,Delta Airlines,Card Online,Purchase,False,False,Delta Airlines Flight,78,review,exact,
TXN000141,CLI001,2026-05-24,-267.6,APPLE STORE LAKE NY,Apple Store,Card POS,Purchase,True,False,Apple Store Electronics,92,validated,exact,
TXN000070,CLI001,2026-05-25,-137.18,JONES MNTHLY JUN,Unknown,Unknown,Unknown,False,False,Unknown,0,unknown,,
TXN000310,CLI001,2026-05-25,-15.5,UBR KRISTINSTAD MT,Uber,Card Online,Purchase,False,False,Uber Rideshare,66,review,exact,
TXN000444,CLI001,2026-05-25,-134.44,MORTGAGE PAYMENT CHASE JUN,Bank,Transfer,Direct Debit,True,False,Bank Mortgage,92,validated,exact,
TXN000323,CLI001,2026-05-26,-369.77,EBAY INC NZ0NXU USA,eBay,Card Online,Purchase,True,False,eBay E-commerce,78,review,exact,
TXN000157,CLI001,2026-05-26,-22.85,UBER EAST MT,Uber Eats,Card Online,Purchase,False,False,Uber Eats Delivery,79,review,fuzzy,
TXN000352,CLI001,2026-05-26,-291.03,ETSY INC FYK3MD 75437,Etsy,Card Online,Purchase,True,False,Etsy E-commerce,78,review,exact,
TXN000000,CLI001,2026-05-28,-22.83,UE *FOOD GONZALESMOUTH,Uber Eats,Card Online,Purchase,True,False,Uber Eats Delivery,86,validated,exact,
TXN000188,CLI001,2026-05-28,-305.93,DELTA AIR GNRFIO,Delta Airlines,Card Online,Purchase,True,False,Delta Airlines Flight,88,validated,exact,
TXN000099,CLI001,2026-05-30,-357.6,APPLE STORE NEW VT,Apple Store,Card POS,Purchase,False,False,Apple Store Electronics,82,review,exact,
TXN000041,CLI001,2026-05-31,-484.01,EBAY INC 7N1YBW USA,eBay,Card Online,Purchase,True,False,eBay E-commerce,78,review,exact,
TXN000205,CLI001,2026-06-01,-60.77,TRANSFER TO SAVINGS B65668A7,Savings,Transfer,Transfer,True,False,Savings Transfer,95,validated,exact,
TXN000498,CLI001,2026-06-06,-104.98,MORTGAGE PAYMENT CITIBANK JUL,Bank,Transfer,Direct Debit,True,False,Bank Mortgage,99,validated,exact,
TXN000035,CLI001,2026-06-06,-17.32,JONES MNTHLY FEB,Bank,Transfer,Fee,True,False,Bank Monthly Fee,72,review,fuzzy,
TXN000243,CLI001,2026-06-07,-280.55,AMZN*XSRQKR 76164 USA,Amazon,Card Online,Purchase,False,False,Amazon E-commerce,68,review,exact,
TXN000209,CLI001,2026-06-07,-492.12,ETSY INC CS4KEK 43679,Etsy,Card Online,Purchase,False,False,Etsy E-commerce,68,review,exact,
TXN000388,CLI001,2026-06-07,-143.28,VERIZON DAWNBOROUGH MS,Verizon,Transfer,Direct Debit,True,False,Verizon Phone,74,review,exact,
TXN000071,CLI001,2026-06-08,-24.44,MORTGAGE PAYMENT BANK OF AMERICA JUL,Bank,Transfer,Direct Debit,True,False,Bank Mortgage,92,validated,exact,
TXN000421,CLI001,2026-06-08,-111.73,BEST BUY ROSSPORT WY,Best Buy,Card POS,Purchase,False,False,Best Buy Electronics,76,review,exact,
TXN000236,CLI001,2026-06-09,-416.63,AMZN*VGLL42 45580 USA,Amazon,Card Online,Purchase,True,False,Amazon E-commerce,78,review,exact,
TXN000208,CLI001,2026-06-10,-148.6,RENT PAYMENT JUN SMITH,Landlord,Transfer,Direct Debit,True,False,Landlord Rent,94,validated,exact,
TXN000195,CLI001,2026-06-11,-384.68,LYFT JENNIFERTOWN SD,Lyft,Card Online,Purchase,True,False,Lyft Rideshare,78,review,exact,
TXN000055,CLI001,2026-06-15,-283.02,APPLE STORE NEW WV,Apple Store,Card POS,Purchase,True,False,Apple Store Electronics,92,validated,exact,
TXN000398,CLI001,2026-06-16,-61.61,VERIZON AMYSIDE ID,Verizon,Transfer,Direct Debit,True,False,Verizon Phone,84,review,exact,
TXN000242,CLI001,2026-06-17,-154.86,CVS PHARMACY SOUTH MT,CVS Pharmacy,Card POS,Purchase,False,False,CVS Pharmacy Pharmacy,84,review,exact,
TXN000204,CLI001,2026-06-18,-89.5,WILLIAMS MNTHLY OCT,Unknown,Unknown,Unknown,False,False,Unknown,0,unknown,,
TXN000214,CLI001,2026-06-18,-6.83,LYFT ASHLEYSTAD IN,Lyft,Card Online,Purchase,False,False,Lyft Rideshare,68,review,exact,
TXN000347,CLI001,2026-06-20,-113.14,XBOX GAME PASS 48652,Xbox,Card Online,Subscription,True,False,Xbox Gaming,68,review,exact,
TXN000404,CLI001,2026-06-20,5806.75,TECH CORP SAL JUL,Unknown,Unknown,Credit,False,False,Unknown,0,unknown,,
TXN000039,CLI001,2026-06-23,-416.69,APPLE STORE MARTINEZTON KY,Apple Store,Card POS,Purchase,True,False,Apple Store Electronics,92,validated,exact,
TXN000381,CLI001,2026-06-23,-137.04,BEST BUY NEW IA,Best Buy,Card POS,Purchase,False,False,Best Buy Electronics,76,review,exact,
TXN000344,CLI001,2026-06-23,-38.52,AIRBNB NEW UK,Airbnb,Card Online,Purchase,False,False,Airbnb Accommodation,72,review,exact,
TXN000266,CLI001,2026-06-24,-17.48,TRANSFER TO SAVINGS DB30723D,Savings,Transfer,Transfer,True,False,Savings Transfer,99,validated,exact,
TXN000494,CLI001,2026-06-25,-86.63,CON EDISON 74325,Con Edison,Transfer,Direct Debit,True,False,Con Edison Electricity,90,validated,exact,
TXN000135,CLI001,2026-06-25,-463.68,UBEREATS PORT,Uber Eats,Card Online,Purchase,True,False,Uber Eats Delivery,86,validated,exact,
TXN000308,CLI001,2026-06-25,-87.69,BOOKING.COM YPVBNH,Booking.com,Card Online,Purchase,False,False,Booking.com Accommodation,82,review,exact,
TXN000032,CLI001,2026-06-25,-120.0,CON EDISON 68138,Con Edison,Transfer,Direct Debit,True,False,Con Edison Electricity,90,validated,exact,
TXN000202,CLI001,2026-06-28,-84.45,HBO MAX 55693 USA,HBO Max,Card Online,Subscription,True,False,HBO Max Streaming,74,review,exact,
TXN000004,CLI001,2026-06-28,-329.08,CVS PHARMACY NORTH VT,CVS Pharmacy,Card POS,Purchase,False,False,CVS Pharmacy Pharmacy,84,review,exact,
TXN000221,CLI001,2026-07-01,-38.03,PF LAKE GU,Unknown,Transfer,Fee,False,False,Unknown,0,unknown,,
TXN000136,CLI001,2026-07-02,-147.03,CON EDISON 82512,Con Edison,Transfer,Direct Debit,True,False,Con Edison Electricity,80,review,exact,
TXN000480,CLI001,2026-07-02,-235.93,UE *FOOD SHARONVILLE,Uber Eats,Card Online,Purchase,False,False,Uber Eats Delivery,76,review,exact,
TXN000383,CLI001,2026-07-06,-96.61,AMAZN 91293 USA,Amazon,Card Online,Purchase,False,False,Amazon E-commerce,70,review,exact,
TXN000274,CLI001,2026-07-06,-82.93,MORTGAGE PAYMENT CITIBANK NOV,Bank,Transfer,Direct Debit,True,False,Bank Mortgage,99,validated,exact,
TXN000060,CLI001,2026-07-06,-339.55,CHIPOTLE WEST ND,Chipotle,Card POS,Purchase,False,False,Chipotle Restaurant,76,review,exact,
TXN000061,CLI001,2026-07-06,-47.12,MORTGAGE PAYMENT WELLS FARGO DEC,Bank,Transfer,Direct Debit,True,False,Bank Mortgage,99,validated,exact,
TXN000340,CLI001,2026-07-07,-75.46,MORTGAGE PAYMENT CHASE JAN,Bank,Transfer,Direct Debit,True,False,Bank Mortgage,99,validated,exact,
TXN000362,CLI001,2026-07-07,-385.27,APPLE STORE EAST CT,Apple Store,Card POS,Purchase,True,False,Apple Store Electronics,92,validated,exact,
TXN000089,CLI001,2026-07-08,-223.48,SHELL OIL LAKE WA,Shell,Card POS,Purchase,False,False,Shell Gas,70,review,exact,
TXN000431,CLI001,2026-07-08,-253.88,ETSY INC XG541M 65584,Etsy,Card Online,Purchase,False,False,Etsy E-commerce,68,review,exact,
TXN000030,CLI001,2026-07-09,-5.41,HBO MAX 37801 USA,HBO Max,Card Online,Subscription,True,False,HBO Max Streaming,74,review,exact,
TXN000303,CLI001,2026-07-10,-49.91,JOHNSON MNTHLY MAR,Unknown,Transfer,Fee,False,False,Unknown,0,unknown,,
TXN000038,CLI001,2026-07-11,-27.17,PF JONATHANVIEW DE,Unknown,Transfer,Fee,False,False,Unknown,0,unknown,,
TXN000179,CLI001,2026-07-11,-299.64,EXPEDIA SUUDQF USA,Expedia,Card Online,Purchase,False,False,Expedia Flight,74,review,exact,
TXN000137,CLI001,2026-07-12,5235.78,ACH DEPOSIT INDUSTRIES SALARY,Employer,Transfer,Income,True,True,Employer Salary,68,review,fuzzy,
TXN000083,CLI001,2026-07-12,-457.63,ETSY INC YFKJFP 59412,Etsy,Card Online,Purchase,True,False,Etsy E-commerce,78,review,exact,
TXN000191,CLI001,2026-07-12,-49.88,BROWN RENT JUL,Landlord,Transfer,Direct Debit,True,False,Landlord Rent,68,review,exact,
TXN000257,CLI001,2026-07-12,-145.37,APPLE.COM/BILL 53628,Apple,Card Online,Subscription,True,False,Apple Apps,78,review,exact,
TXN000411,CLI001,2026-07-12,-160.35,GRUBHUB WEST,Grubhub,Card Online,Purchase,False,False,Grubhub Delivery,74,review,exact,
TXN000291,CLI001,2026-07-13,-261.02,AMZ*BVPDCB 59998,Amazon,Card Online,Purchase,True,False,Amazon E-commerce,82,review,fuzzy,
TXN000330,CLI001,2026-07-13,-269.38,BEST BUY SOUTH VI,Best Buy,Card POS,Purchase,False,False,Best Buy Electronics,76,review,exact,
TXN000329,CLI001,2026-07-13,-129.99,SMITH MNTHLY SEP,Unknown,Unknown,Unknown,False,False,Unknown,0,unknown,,
TXN000082,CLI001,2026-07-13,-399.85,UE *FOOD ARIASHAVEN,Uber Eats,Card Online,Purchase,False,False,Uber Eats Delivery,76,review,exact,
TXN000346,CLI001,2026-07-14,-62.51,BEST BUY TAYLORTON TX,Best Buy,Card POS,Purchase,False,False,Best Buy Electronics,76,review,exact,
TXN000320,CLI001,2026-07-15,-305.35,LYFT AMANDAPORT GU,Lyft,Card Online,Purchase,False,False,Lyft Rideshare,68,review,exact,
TXN000397,CLI001,2026-07-15,-96.73,LYFT SOUTH MA,Lyft,Card Online,Purchase,False,False,Lyft Rideshare,68,review,exact,
TXN000042,CLI001,2026-07-15,-78.62,WILLIAMS MNTHLY NOV,Unknown,Unknown,Unknown,False,False,Unknown,0,unknown,,
TXN000068,CLI001,2026-07-16,-266.78,AMZN*7C7BO1 94085 USA,Amazon,Card Online,Purchase,True,False,Amazon E-commerce,78,review,exact,
TXN000384,CLI001,2026-07-16,-131.62,MORTGAGE PAYMENT BANK OF AMERICA NOV,Bank,Transfer,Direct Debit,True,False,Bank Mortgage,99,validated,exact,
TXN000495,CLI001,2026-07-17,-125.53,CON EDISON 92095,Con Edison,Transfer,Direct Debit,True,False,Con Edison Electricity,90,validated,exact,
TXN000471,CLI001,2026-07-17,-412.51,APPLE STORE NORTH VA,Apple Store,Card POS,Purchase,True,False,Apple Store Electronics,92,validated,exact,
TXN000325,CLI001,2026-07-17,-365.06,EBAY INC L9E9ZR USA,eBay,Card Online,Purchase,True,False,eBay E-commerce,78,review,exact,
TXN000140,CLI001,2026-07-18,-139.65,MORTGAGE PAYMENT CHASE MAR,Bank,Transfer,Direct Debit,True,False,Bank Mortgage,99,validated,exact,
TXN000231,CLI001,2026-07-19,-16.16,UBER EATS LAKE,Uber Eats,Card Online,Purchase,False,False,Uber Eats Delivery,78,review,exact,
TXN000215,CLI001,2026-07-20,-381.42,WALGREENS COLLINSSIDE VT,Walgreens,Card POS,Purchase,True,False,Walgreens Pharmacy,88,validated,exact,
TXN000304,CLI001,2026-07-21,-93.89,WILLIAMS MNTHLY APR,Unknown,Unknown,Unknown,False,False,Unknown,0,unknown,,
TXN000486,CLI001,2026-07-22,-68.85,CON EDISON 48523,Con Edison,Transfer,Direct Debit,True,False,Con Edison Electricity,80,review,exact,
TXN000277,CLI001,2026-07-22,-255.36,SHELL OIL ALLISONBOROUGH SC,Shell,Card POS,Purchase,False,False,Shell Gas,70,review,exact,
TXN000389,CLI001,2026-07-23,-211.07,GRUBHUB PORT,Grubhub,Card Online,Purchase,False,False,Grubhub Delivery,74,review,exact,
